{
  "Ansi 6 Color" : {
    "Red Component" : 0.33725494146347046,
    "Color Space" : "sRGB",
    "Blue Component" : 0.76078426837921143,
    "Alpha Component" : 1,
    "Green Component" : 0.7137255072593689
  },
  "Tags" : [

  ],
  "Ansi 12 Color" : {
    "Red Component" : 0.4100000262260437,
    "Color Space" : "sRGB",
    "Blue Component" : 0.99999994039535522,
    "Alpha Component" : 1,
    "Green Component" : 0.73449987173080444
  },
  "Ansi 1 Color" : {
    "Red Component" : 0.87843137979507446,
    "Color Space" : "sRGB",
    "Blue Component" : 0.45882350206375122,
    "Alpha Component" : 1,
    "Green Component" : 0.42352938652038574
  },
  "Normal Font" : "MesloLGLForPowerline-Regular 14",
  "Bold Color" : {
    "Red Component" : 0.75294119119644165,
    "Color Space" : "sRGB",
    "Blue Component" : 0.82745099067687988,
    "Alpha Component" : 1,
    "Green Component" : 0.78039216995239258
  },
  "Ansi 2 Color" : {
    "Red Component" : 0.59607851505279541,
    "Color Space" : "sRGB",
    "Blue Component" : 0.47450977563858032,
    "Alpha Component" : 1,
    "Green Component" : 0.76470589637756348
  },
  "Custom Directory" : "Recycle",
  "Ansi 5 Color" : {
    "Red Component" : 0.7764706015586853,
    "Color Space" : "sRGB",
    "Blue Component" : 0.86666661500930786,
    "Alpha Component" : 1,
    "Green Component" : 0.47058820724487305
  },
  "Rows" : 25,
  "Default Bookmark" : "No",
  "Cursor Guide Color" : {
    "Red Component" : 0.70213186740875244,
    "Color Space" : "sRGB",
    "Blue Component" : 1,
    "Alpha Component" : 0.25,
    "Green Component" : 0.9268307089805603
  },
  "Non-ASCII Anti Aliased" : true,
  "Use Bright Bold" : true,
  "Ansi 10 Color" : {
    "Red Component" : 0.66936671733856201,
    "Color Space" : "sRGB",
    "Blue Component" : 0.5331999659538269,
    "Alpha Component" : 1,
    "Green Component" : 0.86000007390975952
  },
  "Ambiguous Double Width" : false,
  "Jobs to Ignore" : [
    "rlogin",
    "ssh",
    "slogin",
    "telnet"
  ],
  "Ansi 15 Color" : {
    "Red Component" : 0.69599997997283936,
    "Color Space" : "sRGB",
    "Blue Component" : 0.7999998927116394,
    "Alpha Component" : 1,
    "Green Component" : 0.7271999716758728
  },
  "Foreground Color" : {
    "Red Component" : 0.75212609767913818,
    "Color Space" : "sRGB",
    "Blue Component" : 0.82806396484375,
    "Alpha Component" : 1,
    "Green Component" : 0.77870428562164307
  },
  "Bound Hosts" : [

  ],
  "Working Directory" : "\/Users\/andreacipriani",
  "Blinking Cursor" : false,
  "Disable Window Resizing" : true,
  "Sync Title" : false,
  "Prompt Before Closing 2" : false,
  "BM Growl" : true,
  "Command" : "",
  "Description" : "Default",
  "Mouse Reporting" : true,
  "Screen" : -1,
  "Selection Color" : {
    "Red Component" : 0.27839422225952148,
    "Color Space" : "sRGB",
    "Blue Component" : 0.35809206962585449,
    "Alpha Component" : 1,
    "Green Component" : 0.30305153131484985
  },
  "Columns" : 80,
  "Idle Code" : 0,
  "Ansi 13 Color" : {
    "Red Component" : 0.86588680744171143,
    "Color Space" : "sRGB",
    "Blue Component" : 0.97000008821487427,
    "Alpha Component" : 1,
    "Green Component" : 0.52379995584487915
  },
  "Custom Command" : "No",
  "ASCII Anti Aliased" : true,
  "Non Ascii Font" : "MesloLGLForPowerline-Regular 14",
  "Vertical Spacing" : 1,
  "Use Bold Font" : true,
  "Option Key Sends" : 2,
  "Selected Text Color" : {
    "Red Component" : 0.67070978879928589,
    "Color Space" : "sRGB",
    "Blue Component" : 0.75089043378829956,
    "Alpha Component" : 1,
    "Green Component" : 0.69716125726699829
  },
  "Background Color" : {
    "Red Component" : 0,
    "Color Space" : "sRGB",
    "Blue Component" : 0.21176470816135406,
    "Alpha Component" : 1,
    "Green Component" : 0.16862745583057404
  },
  "Character Encoding" : 4,
  "Ansi 11 Color" : {
    "Red Component" : 1,
    "Color Space" : "sRGB",
    "Blue Component" : 0.53999996185302734,
    "Alpha Component" : 1,
    "Green Component" : 0.83899992704391479
  },
  "Use Italic Font" : true,
  "Unlimited Scrollback" : false,
  "Keyboard Map" : {
    "0xf700-0x260000" : {
      "Text" : "[1;6A",
      "Action" : 10
    },
    "0x37-0x40000" : {
      "Text" : "0x1f",
      "Action" : 11
    },
    "0x32-0x40000" : {
      "Text" : "0x00",
      "Action" : 11
    },
    "0xf709-0x20000" : {
      "Text" : "[17;2~",
      "Action" : 10
    },
    "0xf70c-0x20000" : {
      "Text" : "[20;2~",
      "Action" : 10
    },
    "0xf729-0x20000" : {
      "Text" : "[1;2H",
      "Action" : 10
    },
    "0xf72b-0x40000" : {
      "Text" : "[1;5F",
      "Action" : 10
    },
    "0xf705-0x20000" : {
      "Text" : "[1;2Q",
      "Action" : 10
    },
    "0xf700-0x220000" : {
      "Text" : "[1;2A",
      "Action" : 10
    },
    "0xf701-0x280000" : {
      "Text" : "0x1b 0x1b 0x5b 0x42",
      "Action" : 11
    },
    "0x38-0x40000" : {
      "Text" : "0x7f",
      "Action" : 11
    },
    "0x33-0x40000" : {
      "Text" : "0x1b",
      "Action" : 11
    },
    "0xf703-0x220000" : {
      "Text" : "[1;2C",
      "Action" : 10
    },
    "0xf701-0x240000" : {
      "Text" : "[1;5B",
      "Action" : 10
    },
    "0xf70d-0x20000" : {
      "Text" : "[21;2~",
      "Action" : 10
    },
    "0xf729-0x40000" : {
      "Text" : "[1;5H",
      "Action" : 10
    },
    "0xf706-0x20000" : {
      "Text" : "[1;2R",
      "Action" : 10
    },
    "0x34-0x40000" : {
      "Text" : "0x1c",
      "Action" : 11
    },
    "0xf700-0x280000" : {
      "Text" : "0x1b 0x1b 0x5b 0x41",
      "Action" : 11
    },
    "0x2d-0x40000" : {
      "Text" : "0x1f",
      "Action" : 11
    },
    "0xf70e-0x20000" : {
      "Text" : "[23;2~",
      "Action" : 10
    },
    "0xf702-0x220000" : {
      "Text" : "[1;2D",
      "Action" : 10
    },
    "0xf703-0x280000" : {
      "Action" : 10,
      "Text" : "f"
    },
    "0xf707-0x20000" : {
      "Text" : "[1;2S",
      "Action" : 10
    },
    "0xf700-0x240000" : {
      "Text" : "[1;5A",
      "Action" : 10
    },
    "0xf70a-0x20000" : {
      "Text" : "[18;2~",
      "Action" : 10
    },
    "0x35-0x40000" : {
      "Text" : "0x1d",
      "Action" : 11
    },
    "0xf70f-0x20000" : {
      "Text" : "[24;2~",
      "Action" : 10
    },
    "0xf701-0x260000" : {
      "Text" : "[1;6B",
      "Action" : 10
    },
    "0xf702-0x280000" : {
      "Action" : 10,
      "Text" : "b"
    },
    "0xf72b-0x20000" : {
      "Text" : "[1;2F",
      "Action" : 10
    },
    "0x36-0x40000" : {
      "Text" : "0x1e",
      "Action" : 11
    },
    "0xf708-0x20000" : {
      "Text" : "[15;2~",
      "Action" : 10
    },
    "0xf701-0x220000" : {
      "Text" : "[1;2B",
      "Action" : 10
    },
    "0xf70b-0x20000" : {
      "Text" : "[19;2~",
      "Action" : 10
    },
    "0xf704-0x20000" : {
      "Text" : "[1;2P",
      "Action" : 10
    }
  },
  "Window Type" : 0,
  "Blur Radius" : 4.5149338942307686,
  "Cursor Boost" : 0.045510284810126589,
  "Blur" : false,
  "Badge Color" : {
    "Red Component" : 1,
    "Color Space" : "sRGB",
    "Blue Component" : 0,
    "Alpha Component" : 0.5,
    "Green Component" : 0.1491314172744751
  },
  "Scrollback Lines" : 1000,
  "Send Code When Idle" : false,
  "Close Sessions On End" : true,
  "Terminal Type" : "xterm-256color",
  "Visual Bell" : true,
  "Flashing Bell" : false,
  "Silence Bell" : false,
  "Ansi 14 Color" : {
    "Red Component" : 0.37840002775192261,
    "Color Space" : "sRGB",
    "Blue Component" : 0.85999995470046997,
    "Alpha Component" : 1,
    "Green Component" : 0.8038133978843689
  },
  "Name" : "AndreaCipriani",
  "Cursor Text Color" : {
    "Red Component" : 0.75294119119644165,
    "Color Space" : "sRGB",
    "Blue Component" : 0.82745099067687988,
    "Alpha Component" : 1,
    "Green Component" : 0.78039216995239258
  },
  "Minimum Contrast" : 0.67743769778481011,
  "Shortcut" : "",
  "Cursor Color" : {
    "Red Component" : 0.75294119119644165,